{
  "assetsByChunkName": {
    "vendors~app-account~app-confirmation~app-order": "chunk.fddb2f4c8d6707d78e83.js",
    "vendors~app-account~app-checkout": "chunk.b08ecb2e49a19ffeb953.js",
    "vendors~app-cart~app-checkout": "chunk.4b59541bf5b5f1b32496.js",
    "admin": [
      "admin.a3085424087e20a11a2e.js",
      "admin.a3085424087e20a11a2e.js.map"
    ],
    "app-account": "chunk.dccf37d706e1282a3db9.js",
    "app-checkout": "chunk.02a61b14c503ec6ac46d.js",
    "app-confirmation": "chunk.fe21ee5afae224b607b9.js",
    "checkout": [
      "checkout.72267f4af5fef0467fcc.js",
      "checkout.72267f4af5fef0467fcc.js.map"
    ],
    "storefront": [
      "storefront.23e141721dbae3494812.css",
      "storefront.518188e670d33af9612f.js",
      "storefront.23e141721dbae3494812.css.map",
      "storefront.518188e670d33af9612f.js.map"
    ],
    "vendors~app-cart": "chunk.67ca128ab62cd905639d.js",
    "vendors~app-order": "chunk.ac677d29b12429af9151.js"
  }
}