{
  "meta_title": "Soluforte Produtos Térmicos - Loja Online",
  "meta_description": "Produtos para a logística de perecíveis: Bolsão Térmico, Capa Térmica para Palete, Divisórias Térmicas e Lonas Térmicas. Desde 1982.",
  "sections": [
    {
      "type": "banner-slider",
      "autoplay": 9000,
      "full_width": false,
      "slides": [
        {
          "img": "/img/uploads/sol_033_pg_banner_principal_mercadoshop_01.jpg",
          "alt": "Headset banner",
          "start": "",
          "end": ""
        },
        {
          "start": "",
          "end": "",
          "img": "/img/uploads/whatsapp-image-2021-12-13-at-10.51.13.jpeg",
          "link": "https://divisoriatermica.com.br/bolsao-termico",
          "alt": "Headset banner"
        },
        {
          "img": "/img/uploads/banner-capas-termicas.png",
          "alt": "Headset banner",
          "start": "",
          "end": "",
          "link": "https://divisoriatermica.com.br/capa-termica-de-palete"
        },
        {
          "start": "",
          "end": "",
          "img": "/img/uploads/sol_024-mercado-shops-divisorias.jpg",
          "alt": "Headset banner",
          "link": "https://divisoriatermica.com.br/divisoria-termica"
        },
        {
          "start": "",
          "end": "",
          "img": "/img/uploads/sol_024-mercado-shops-lonas.jpg",
          "alt": "Headset banner",
          "link": "https://divisoriatermica.com.br/lona-termica"
        }
      ]
    },
    {
      "type": "info-bar",
      "enabled": false
    },
    {
      "type": "dynamic-showcase",
      "load_more": true,
      "sort": "sales"
    }
  ]
}